latitude,longitude,latitude
39.87,-105.297,39.87
39.639,-104.769,39.639
39.754,-105.016,39.754
39.245,-104.589,39.245
39.993,-104.817,39.993
39.681,-105.496,39.681
39.672,-105.347,39.672
39.562,-105.019,39.562
39.499,-104.776,39.499
39.376,-104.846,39.376
40.035,-105.541,40.035
40.018,-105.404,40.018
39.992,-105.153,39.992
40.148,-105.39,40.148
40.221,-105.369,40.221
39.768,-104.869,39.768
44.3747,-70.3172,44.3747
41.9972,-72.2722,41.9972
43.05,-72.7,43.05
37.51,-90.33,37.51
39.19,-84.21,39.19
46.3,-63.1,46.3
32.58,-97.35,32.58
29.749,-95.581,29.749
28.2,-80.6,28.2
38.54,-90.31,38.54
30.74,-88.26,30.74
33.40766,-111.57276,33.40766
33.58,-86.05,33.58
33.89,-118.13,33.89
32.64,-117.083,32.64
34.69,-118.18,34.69
40.59,-122.39,40.59
38.54231,-121.3695,38.54231
35.26,-120.71,35.26
37.06,-121.61,37.06
37.98,-122.52,37.98
40.09,-105.34,40.09
38.3,-104.57,38.3
39.64,-106.09,39.64
37.23,-121.81,37.23
26.5032,-80.0661,26.5032
28.484,-80.803,28.484
27.8,-80.48,27.8
34.04,-83.83,34.04
34.0,-84.0,34.0
34.45,-84.57,34.45
34.01422,-84.357376,34.01422
40.75,-95.64,40.75
41.32,-93.56,41.32
40.49,-88.99,40.49
43.15,-93.2,43.15
38.3,-85.96,38.3
38.89,-94.75,38.89
42.41,-71.15,42.41
44.81,-93.31,44.81
46.783,-92.106,46.783
44.47,-94.81,44.47
45.306,-93.794,45.306
36.45,-89.92,36.45
35.28,-81.68,35.28
41.68,-96.55,41.68
40.79,-96.63,40.79
41.12,-96.11,41.12
41.2,-74.43,41.2
36.69,-108.5,36.69
33.362,-105.654,33.362
36.0,-83.98,36.0
41.82,-74.67,41.82
41.17,-73.96,41.17
41.15095,-74.19721,41.15095
42.078,-76.02,42.078
40.01,-83.11,40.01
45.32,-122.58,45.32
45.354,-122.842,45.354
44.75,-122.94,44.75
39.994,-75.365,39.994
40.1507,-75.0801,40.1507
40.05,-76.5,40.05
40.036,-75.514,40.036
18.42,-66.06,18.42
41.23,-80.5,41.23
34.872116,-82.28625,34.872116
44.0449,-103.233,44.0449
35.91,-86.88,35.91
30.297329,-97.77294,30.297329
30.35,-97.74,30.35
30.207014,-97.937225,30.207014
33.154,-97.064,33.154
29.598364,-95.106544,29.598364
33.51,-96.61,33.51
27.95,-97.77,27.95
30.5844,-97.4156,30.5844
30.07,-95.7,30.07
37.77,-79.45,37.77
37.18,-77.5,37.18
38.46285,-77.46338,38.46285
45.6036,-122.4779,45.6036
45.71,-122.62,45.71
41.91,-70.93,41.91
41.37,-73.23,41.37
39.13,-119.74,39.13
35.85,-78.17,35.85
34.5,-117.96,34.5
44.503,-72.219,44.503
33.69,-78.89,33.69
35.05,-85.31,35.05
39.8,-75.68,39.8
36.31,-82.35,36.31
30.6701,-88.1156,30.6701
30.16,-85.66,30.16
49.78,-97.2,49.78
45.25,-69.0167,45.25
39.87,-105.297,39.87
39.639,-104.769,39.639
39.754,-105.016,39.754
39.245,-104.589,39.245
39.993,-104.817,39.993
39.681,-105.496,39.681
39.672,-105.347,39.672
39.562,-105.019,39.562
39.499,-104.776,39.499
39.376,-104.846,39.376
40.035,-105.541,40.035
40.018,-105.404,40.018
39.992,-105.153,39.992
40.148,-105.39,40.148
40.221,-105.369,40.221
39.768,-104.869,39.768
43.63869,-95.11854,43.63869
43.66305,-94.12244,43.66305
45.83765,-95.36622,45.83765
47.8544,-92.04811,47.8544
46.68822,-93.95449,46.68822
44.94926,-95.40952,44.94926
48.57236,-96.91488,48.57236
48.81951,-95.96101,48.81951
48.60179,-93.37344,48.60179
47.86831,-96.91684,47.86831
47.37123,-94.47964,47.37123
44.28482,-91.98967,44.28482
44.4833,-69.4833,44.4833
45.0833,-71.2833,45.0833
47.24,-68.6136,47.24
43.8,-70.1667,43.8
34.19972,-110.11917,34.19972
31.76111,-109.34861,31.76111
32.31667,-110.81334,32.31667
35.99,-112.12,35.99
41.1,-123.63333,41.1
37.32917,-121.29389,37.32917
39.92778,-122.65694,39.92778
32.99028,-116.06694,32.99028
37.30528,-122.25389,37.30528
37.71194,-121.81361,37.71194
40.46333,-123.5239,40.46333
33.7625,-117.48278,33.7625
37.35167,-107.915,37.35167
42.35917,-116.69222,42.35917
31.01667,-93.18694,31.01667
32.30889,-89.49,32.30889
30.84889,-89.03416,30.84889
47.53611,-113.71722,47.53611
45.58416,-109.85166,45.58416
44.66778,-111.10056,44.66778
47.26972,-114.91611,47.26972
45.15694,-109.36056,45.15694
45.16722,-111.35083,45.16722
34.33611,-78.72861,34.33611
40.17306,-115.48555,40.17306
43.52333,-121.81334,43.52333
42.63139,-121.55972,42.63139
42.57694,-121.89361,42.57694
44.31583,-121.60555,44.31583
44.81417,-117.72889,44.81417
42.97639,-121.42194,42.97639
43.51528,-119.2925,43.51528
42.4075,-122.19139,42.4075
45.07083,-119.49,45.07083
40.88445,-110.82916,40.88445
47.96778,-123.63472,47.96778
47.85,-120.9,47.85
44.3918,-70.4741,44.3918
45.6667,-67.8667,45.6667
43.0167,-70.8333,43.0167
41.6297,-71.9014,41.6297
44.6439,-67.6475,44.6439
41.4075,-72.9033,41.4075
42.8333,-70.9333,42.8333
44.6333,-70.0,44.6333
47.1667,-67.9333,47.1667
44.1922,-69.1472,44.1922
36.35,-81.53,36.35
39.19,-84.21,39.19
32.77,-117.05,32.77
39.035,-76.908,39.035
43.6425,-80.075554,43.6425
32.58,-97.35,32.58
43.2,-79.2,43.2
45.338,-123.096,45.338
28.2,-80.6,28.2
29.44,-95.1,29.44
31.31,-92.44,31.31
30.74,-88.26,30.74
35.13,-111.67,35.13
33.565464,-112.05364,33.565464
43.8,-75.47,43.8
33.58,-86.05,33.58
36.15,-86.35,36.15
34.49,-118.09,34.49
33.89,-118.13,33.89
38.8,-122.99,38.8
39.75347,-123.20775,39.75347
34.2369,-117.2872,34.2369
37.46,-122.27,37.46
38.665,-121.165,38.665
33.49,-117.4,33.49
32.827286,-116.92719,32.827286
34.69,-118.18,34.69
38.885,-121.298,38.885
39.34,-121.08,39.34
34.55,-118.07,34.55
38.54231,-121.3695,38.54231
35.26,-120.71,35.26
37.06,-121.61,37.06
37.98,-122.52,37.98
35.19,-118.6,35.19
38.3,-104.57,38.3
39.64,-106.09,39.64
41.70038,-72.02061,41.70038
41.349,-73.185,41.349
36.623,-82.187,36.623
38.37,-122.82,38.37
28.484,-80.803,28.484
28.79,-81.34,28.79
26.13,-80.12,26.13
30.401,-86.864,30.401
28.175238,-80.602165,28.175238
27.8,-80.48,27.8
34.04,-83.83,34.04
34.14611,-84.10694,34.14611
34.05,-84.52,34.05
43.078583,-92.33751,43.078583
43.58,-116.24,43.58
44.1518,-116.00726,44.1518
43.15,-93.2,43.15
38.81,-85.81,38.81
37.01,-88.52,37.01
42.41,-71.15,42.41
42.063774,-71.03136,42.063774
42.24,-71.58,42.24
42.068493,-71.625626,42.068493
39.251,-76.521,39.251
45.17205,-93.25664,45.17205
44.81,-93.31,44.81
46.783,-92.106,46.783
45.306,-93.794,45.306
40.02,-93.17,40.02
36.45,-89.92,36.45
35.28,-81.68,35.28
41.68,-96.55,41.68
40.79,-96.63,40.79
41.309994,-96.06035,41.309994
40.7957,-74.0553,40.7957
36.0,-83.98,36.0
40.689,-73.333,40.689
42.22,-78.27,42.22
40.71,-73.64,40.71
41.82,-74.67,41.82
41.17,-73.96,41.17
44.7,-73.46,44.7
43.16,-77.56,43.16
41.15095,-74.19721,41.15095
40.843597,-73.17683,40.843597
40.91,-72.34,40.91
39.26,-84.58,39.26
40.01,-83.11,40.01
39.994,-75.365,39.994
40.537315,-79.91175,40.537315
39.756,-77.578,39.756
18.42,-66.06,18.42
41.23,-80.5,41.23
41.55,-71.3,41.55
34.872116,-82.28625,34.872116
34.63072,-82.51173,34.63072
44.0449,-103.233,44.0449
44.421,-103.5571,44.421
38.44,-122.71,38.44
35.91,-86.88,35.91
32.51,-99.73,32.51
32.65,-97.11,32.65
30.207014,-97.937225,30.207014
34.098,-98.57,34.098
32.93,-96.94,32.93
33.154,-97.064,33.154
33.145767,-96.87703,33.145767
30.71,-97.73,30.71
29.598364,-95.106544,29.598364
29.79,-95.58,29.79
33.039967,-96.76457,33.039967
32.932,-96.459,32.932
29.51,-98.68,29.51
30.5844,-97.4156,30.5844
40.75,-111.87,40.75
38.25,-78.53,38.25
37.77,-79.45,37.77
37.651,-78.299,37.651
38.46285,-77.46338,38.46285
48.25,-121.61,48.25
45.6036,-122.4779,45.6036
45.71,-122.62,45.71
39.75,-104.5,39.75
41.91,-70.93,41.91
34.384216,-117.59854,34.384216
41.37,-73.23,41.37
35.37,-80.66,35.37
35.85,-78.17,35.85
34.842,-111.786,34.842
41.12425,-111.91592,41.12425
34.5,-117.96,34.5
33.69,-78.89,33.69
35.05,-85.31,35.05
39.8,-75.68,39.8
33.52,-86.8,33.52
33.53,-82.24,33.53
36.31,-82.35,36.31
30.64,-87.89,30.64
30.6701,-88.1156,30.6701
30.16,-85.66,30.16
26.668,-80.632,26.668
29.6961,-81.9832,29.6961
29.41,-82.17,29.41
29.803,-82.411,29.803
29.693,-81.445,29.693
29.02,-81.969,29.02
29.2226,-81.449,29.2226
28.7893,-81.7479,28.7893
28.9194,-81.631,28.9194
28.682,-81.886,28.682
28.473,-81.649,28.473
28.635,-82.285,28.635
28.642,-81.5493,28.642
28.09,-81.72,28.09
28.017,-82.234,28.017
27.45,-82.482,27.45
26.087,-80.242,26.087
27.426,-80.402,27.426
25.509,-80.499,25.509
26.462,-81.44,26.462
39.87,-105.297,39.87
39.639,-104.769,39.639
39.754,-105.016,39.754
39.245,-104.589,39.245
39.993,-104.817,39.993
39.681,-105.496,39.681
39.672,-105.347,39.672
39.562,-105.019,39.562
39.499,-104.776,39.499
39.376,-104.846,39.376
40.035,-105.541,40.035
40.018,-105.404,40.018
39.992,-105.153,39.992
40.148,-105.39,40.148
40.221,-105.369,40.221
39.768,-104.869,39.768
40.0556,-105.5889,40.0556
40.071,-105.6208,40.071
43.50833,-93.35406,43.50833
44.4785,-93.29243,44.4785
45.64292,-92.99275,45.64292
46.21257,-92.83856,46.21257
43.60832,-96.37794,43.60832
43.63734,-95.76991,43.63734
43.63869,-95.11854,43.63869
43.66305,-94.12244,43.66305
43.72716,-92.68137,43.72716
43.95564,-92.20515,43.95564
43.91192,-91.54358,43.91192
46.84679,-96.66814,46.84679
46.49066,-96.29125,46.49066
45.83765,-95.36622,45.83765
45.7131,-94.93145,45.7131
45.39469,-94.02561,45.39469
47.87431,-94.43243,47.87431
47.8544,-92.04811,47.8544
46.68822,-93.95449,46.68822
44.94926,-95.40952,44.94926
44.90608,-93.98643,44.90608
48.57236,-96.91488,48.57236
48.81951,-95.96101,48.81951
48.62768,-94.06709,48.62768
48.60179,-93.37344,48.60179
44.27026,-96.32004,44.27026
44.45889,-96.43523,44.45889
44.54471,-94.99542,44.54471
44.54319,-94.41412,44.54319
44.69162,-95.61401,44.69162
45.61643,-94.02149,45.61643
46.14426,-94.1041,46.14426
45.55822,-96.49392,45.55822
45.48841,-95.56216,45.48841
44.05717,-95.5973,44.05717
43.71933,-91.43675,43.71933
47.60357,-94.12675,47.60357
44.40925,-92.85847,44.40925
45.43236,-94.93237,45.43236
47.27417,-95.93363,47.27417
44.07556,-94.36825,44.07556
44.60102,-92.69779,44.60102
47.97642,-89.68497,47.97642
46.91173,-94.72292,46.91173
46.33976,-93.26205,46.33976
46.97836,-93.27369,46.97836
47.84037,-93.48518,47.84037
48.20715,-94.55401,48.20715
46.04313,-96.49418,46.04313
46.40366,-95.60213,46.40366
48.43646,-95.73119,48.43646
48.97085,-97.2017,48.97085
47.29594,-96.73165,47.29594
44.93617,-96.4418,44.93617
47.86831,-96.91684,47.86831
47.37123,-94.47964,47.37123
46.87745,-96.11144,46.87745
46.41334,-95.05439,46.41334
45.76654,-94.23284,45.76654
43.51495,-91.88499,43.51495
47.21127,-92.48769,47.21127
48.29424,-92.97047,48.29424
47.77035,-96.00102,47.77035
44.28482,-91.98967,44.28482
44.08369,-95.11995,44.08369
44.15434,-94.03397,44.15434
44.36554,-93.96315,44.36554
44.57227,-93.8427,44.57227
45.87584,-93.66408,45.87584
45.98504,-92.94818,45.98504
48.78936,-95.05103,48.78936
44.54364,-93.62482,44.54364
43.90234,-92.4823,43.90234
43.35,-72.2,43.35
44.8744,-71.4106,44.8744
43.21,-71.52,43.21
34.43,-119.85,34.43
44.6,-124.06,44.6
42.57,-72.29,42.57
42.09,-77.21,42.09
41.91,-70.73,41.91
41.3489,-73.0694,41.3489
44.9833,-70.6667,44.9833
46.71665,-92.25142,46.71665
46.77181,-92.11499,46.77181
47.09438,-91.55177,47.09438
44.79849,-93.29016,44.79849
45.09621,-93.45002,45.09621
45.03843,-93.06251,45.03843
44.87517,-93.07298,44.87517
47.44509,-92.88758,47.44509
43.94569,-93.26788,43.94569
47.06749,-91.59307,47.06749
46.74854,-92.09998,46.74854
46.73409,-92.09713,46.73409
44.2689,-71.6311,44.2689
44.9167,-69.2667,44.9167
41.85,-71.73,41.85
43.35,-70.4667,43.35
43.4833,-71.1833,43.4833
43.7833,-71.65,43.7833
42.5678,-73.0028,42.5678
39.87,-105.297,39.87
39.639,-104.769,39.639
39.754,-105.016,39.754
39.245,-104.589,39.245
39.993,-104.817,39.993
39.681,-105.496,39.681
39.672,-105.347,39.672
39.562,-105.019,39.562
39.499,-104.776,39.499
39.376,-104.846,39.376
40.035,-105.541,40.035
40.018,-105.404,40.018
39.992,-105.153,39.992
40.148,-105.39,40.148
40.221,-105.369,40.221
39.768,-104.869,39.768
43.50833,-93.35406,43.50833
44.4785,-93.29243,44.4785
45.64292,-92.99275,45.64292
46.21257,-92.83856,46.21257
43.60832,-96.37794,43.60832
43.63734,-95.76991,43.63734
43.63869,-95.11854,43.63869
43.66305,-94.12244,43.66305
43.72716,-92.68137,43.72716
43.95564,-92.20515,43.95564
43.91192,-91.54358,43.91192
46.84679,-96.66814,46.84679
46.49066,-96.29125,46.49066
45.83765,-95.36622,45.83765
45.39469,-94.02561,45.39469
47.87431,-94.43243,47.87431
47.8544,-92.04811,47.8544
46.68822,-93.95449,46.68822
44.94926,-95.40952,44.94926
44.90608,-93.98643,44.90608
48.57236,-96.91488,48.57236
48.81951,-95.96101,48.81951
48.62768,-94.06709,48.62768
48.60179,-93.37344,48.60179
44.27026,-96.32004,44.27026
44.45889,-96.43523,44.45889
44.54471,-94.99542,44.54471
44.54319,-94.41412,44.54319
44.69162,-95.61401,44.69162
45.61643,-94.02149,45.61643
45.55822,-96.49392,45.55822
44.05717,-95.5973,44.05717
43.71933,-91.43675,43.71933
47.60357,-94.12675,47.60357
44.40925,-92.85847,44.40925
47.27417,-95.93363,47.27417
44.07556,-94.36825,44.07556
44.60102,-92.69779,44.60102
47.97642,-89.68497,47.97642
46.91173,-94.72292,46.91173
46.33976,-93.26205,46.33976
46.97836,-93.27369,46.97836
47.84037,-93.48518,47.84037
48.20715,-94.55401,48.20715
46.04313,-96.49418,46.04313
46.40366,-95.60213,46.40366
48.43646,-95.73119,48.43646
48.97085,-97.2017,48.97085
47.29594,-96.73165,47.29594
44.93617,-96.4418,44.93617
47.86831,-96.91684,47.86831
47.37123,-94.47964,47.37123
46.87745,-96.11144,46.87745
46.41334,-95.05439,46.41334
45.76654,-94.23284,45.76654
43.51495,-91.88499,43.51495
47.21127,-92.48769,47.21127
48.29424,-92.97047,48.29424
47.77035,-96.00102,47.77035
44.28482,-91.98967,44.28482
44.08369,-95.11995,44.08369
44.15434,-94.03397,44.15434
44.36554,-93.96315,44.36554
44.57227,-93.8427,44.57227
45.87584,-93.66408,45.87584
45.98504,-92.94818,45.98504
48.78936,-95.05103,48.78936
44.54364,-93.62482,44.54364
43.90234,-92.4823,43.90234
43.4419,-71.5889,43.4419
46.7,-69.7167,46.7
41.95,-70.95,41.95
44.8647,-72.8089,44.8647
44.9333,-72.2,44.9333
44.6333,-68.85,44.6333
46.71665,-92.25142,46.71665
46.77181,-92.11499,46.77181
47.09438,-91.55177,47.09438
44.79849,-93.29016,44.79849
45.09621,-93.45002,45.09621
45.03843,-93.06251,45.03843
47.44509,-92.88758,47.44509
43.94569,-93.26788,43.94569
47.06749,-91.59307,47.06749
46.74854,-92.09998,46.74854
46.73409,-92.09713,46.73409
39.19,-84.21,39.19
32.77,-117.05,32.77
46.3,-63.1,46.3
32.58,-97.35,32.58
29.749,-95.581,29.749
44.805,-71.871,44.805
45.338,-123.096,45.338
28.2,-80.6,28.2
29.44,-95.1,29.44
31.31,-92.44,31.31
30.74,-88.26,30.74
35.13,-111.67,35.13
33.565464,-112.05364,33.565464
43.8,-75.47,43.8
33.58,-86.05,33.58
36.15,-86.35,36.15
33.89,-118.13,33.89
32.64,-117.083,32.64
34.2369,-117.2872,34.2369
38.665,-121.165,38.665
38.62,-122.87,38.62
32.827286,-116.92719,32.827286
34.69,-118.18,34.69
39.34,-121.08,39.34
38.54231,-121.3695,38.54231
35.26,-120.71,35.26
37.06,-121.61,37.06
37.98,-122.52,37.98
35.19,-118.6,35.19
33.922,-118.055,33.922
40.09,-105.34,40.09
38.3,-104.57,38.3
39.64,-106.09,39.64
41.70038,-72.02061,41.70038
38.37,-122.82,38.37
28.484,-80.803,28.484
28.79,-81.34,28.79
26.13,-80.12,26.13
27.8,-80.48,27.8
34.04,-83.83,34.04
34.0,-84.0,34.0
34.14611,-84.10694,34.14611
34.05,-84.52,34.05
40.75,-95.64,40.75
41.32,-93.56,41.32
43.15,-93.2,43.15
38.81,-85.81,38.81
38.3,-85.96,38.3
38.89,-94.75,38.89
37.01,-88.52,37.01
42.41,-71.15,42.41
42.063774,-71.03136,42.063774
42.068493,-71.625626,42.068493
44.81,-93.31,44.81
46.783,-92.106,46.783
44.47,-94.81,44.47
36.45,-89.92,36.45
35.28,-81.68,35.28
41.68,-96.55,41.68
40.79,-96.63,40.79
41.12,-96.11,41.12
41.309994,-96.06035,41.309994
40.7957,-74.0553,40.7957
33.362,-105.654,33.362
36.0,-83.98,36.0
42.22,-78.27,42.22
40.71,-73.64,40.71
41.82,-74.67,41.82
41.17,-73.96,41.17
43.16,-77.56,43.16
41.15095,-74.19721,41.15095
42.078,-76.02,42.078
40.91,-72.34,40.91
39.26,-84.58,39.26
40.01,-83.11,40.01
45.32,-122.58,45.32
45.354,-122.842,45.354
44.75,-122.94,44.75
39.994,-75.365,39.994
40.05,-76.5,40.05
40.036,-75.514,40.036
40.537315,-79.91175,40.537315
18.42,-66.06,18.42
41.23,-80.5,41.23
41.55,-71.3,41.55
34.872116,-82.28625,34.872116
34.63072,-82.51173,34.63072
44.0449,-103.233,44.0449
38.44,-122.71,38.44
35.91,-86.88,35.91
30.207014,-97.937225,30.207014
32.93,-96.94,32.93
33.154,-97.064,33.154
33.145767,-96.87703,33.145767
29.598364,-95.106544,29.598364
29.79,-95.58,29.79
30.17,-95.44,30.17
28.23,-96.94,28.23
32.932,-96.459,32.932
29.51,-98.68,29.51
30.5844,-97.4156,30.5844
40.75,-111.87,40.75
38.25,-78.53,38.25
37.77,-79.45,37.77
38.46285,-77.46338,38.46285
47.3,-122.28,47.3
45.6036,-122.4779,45.6036
45.71,-122.62,45.71
39.75,-104.5,39.75
41.91,-70.93,41.91
41.37,-73.23,41.37
39.13,-119.74,39.13
35.85,-78.17,35.85
34.5,-117.96,34.5
44.503,-72.219,44.503
33.69,-78.89,33.69
35.05,-85.31,35.05
39.8,-75.68,39.8
33.52,-86.8,33.52
33.53,-82.24,33.53
36.31,-82.35,36.31
30.64,-87.89,30.64
30.6701,-88.1156,30.6701
30.16,-85.66,30.16
49.78,-97.2,49.78
26.668,-80.632,26.668
29.6961,-81.9832,29.6961
29.41,-82.17,29.41
29.803,-82.411,29.803
29.693,-81.445,29.693
29.02,-81.969,29.02
29.2226,-81.449,29.2226
28.7893,-81.7479,28.7893
28.9194,-81.631,28.9194
28.682,-81.886,28.682
28.473,-81.649,28.473
28.635,-82.285,28.635
28.642,-81.5493,28.642
28.09,-81.72,28.09
28.017,-82.234,28.017
27.45,-82.482,27.45
27.3975,-81.94,27.3975
26.087,-80.242,26.087
27.426,-80.402,27.426
25.509,-80.499,25.509
26.462,-81.44,26.462
39.17,-121.11,39.17
37.65,-120.67,37.65
41.55,-73.2333,41.55
39.87,-105.297,39.87
39.639,-104.769,39.639
39.754,-105.016,39.754
39.245,-104.589,39.245
39.993,-104.817,39.993
39.681,-105.496,39.681
39.672,-105.347,39.672
39.562,-105.019,39.562
39.499,-104.776,39.499
39.376,-104.846,39.376
40.035,-105.541,40.035
40.018,-105.404,40.018
39.992,-105.153,39.992
40.148,-105.39,40.148
40.221,-105.369,40.221
39.768,-104.869,39.768
43.50833,-93.35406,43.50833
44.4785,-93.29243,44.4785
45.64292,-92.99275,45.64292
46.21257,-92.83856,46.21257
43.60832,-96.37794,43.60832
43.63734,-95.76991,43.63734
43.63869,-95.11854,43.63869
43.66305,-94.12244,43.66305
43.72716,-92.68137,43.72716
43.95564,-92.20515,43.95564
43.91192,-91.54358,43.91192
46.84679,-96.66814,46.84679
46.49066,-96.29125,46.49066
45.83765,-95.36622,45.83765
45.7131,-94.93145,45.7131
45.39469,-94.02561,45.39469
47.87431,-94.43243,47.87431
47.8544,-92.04811,47.8544
46.68822,-93.95449,46.68822
44.94926,-95.40952,44.94926
44.90608,-93.98643,44.90608
48.57236,-96.91488,48.57236
48.81951,-95.96101,48.81951
48.62768,-94.06709,48.62768
48.60179,-93.37344,48.60179
44.27026,-96.32004,44.27026
44.45889,-96.43523,44.45889
44.54471,-94.99542,44.54471
44.54319,-94.41412,44.54319
44.69162,-95.61401,44.69162
45.61643,-94.02149,45.61643
46.14426,-94.1041,46.14426
45.55822,-96.49392,45.55822
45.48841,-95.56216,45.48841
44.05717,-95.5973,44.05717
43.71933,-91.43675,43.71933
47.60357,-94.12675,47.60357
44.40925,-92.85847,44.40925
45.43236,-94.93237,45.43236
47.27417,-95.93363,47.27417
44.07556,-94.36825,44.07556
44.60102,-92.69779,44.60102
47.97642,-89.68497,47.97642
46.91173,-94.72292,46.91173
46.33976,-93.26205,46.33976
46.97836,-93.27369,46.97836
47.84037,-93.48518,47.84037
48.20715,-94.55401,48.20715
46.04313,-96.49418,46.04313
46.40366,-95.60213,46.40366
48.43646,-95.73119,48.43646
48.97085,-97.2017,48.97085
47.29594,-96.73165,47.29594
44.93617,-96.4418,44.93617
47.86831,-96.91684,47.86831
46.87745,-96.11144,46.87745
46.41334,-95.05439,46.41334
45.76654,-94.23284,45.76654
43.51495,-91.88499,43.51495
47.21127,-92.48769,47.21127
48.29424,-92.97047,48.29424
47.77035,-96.00102,47.77035
44.28482,-91.98967,44.28482
44.08369,-95.11995,44.08369
44.15434,-94.03397,44.15434
44.36554,-93.96315,44.36554
44.57227,-93.8427,44.57227
45.87584,-93.66408,45.87584
45.98504,-92.94818,45.98504
48.78936,-95.05103,48.78936
44.54364,-93.62482,44.54364
43.90234,-92.4823,43.90234
44.4,-69.0,44.4
44.5352,-68.4205,44.5352
44.9167,-67.0,44.9167
44.05,-71.6667,44.05
42.8167,-71.65,42.8167
44.79849,-93.29016,44.79849
45.09621,-93.45002,45.09621
45.03843,-93.06251,45.03843
44.96796,-93.09065,44.96796
44.87517,-93.07298,44.87517
47.44509,-92.88758,47.44509
43.94569,-93.26788,43.94569
47.06749,-91.59307,47.06749
46.74854,-92.09998,46.74854
46.73409,-92.09713,46.73409
62.81667,-141.46666,62.81667
66.05945,-142.76944,66.05945
66.26667,-146.51666,66.26667
65.28333,-143.06667,65.28333
61.93583,-150.98584,61.93583
61.51833,-149.90778,61.51833
58.40667,-152.88638,58.40667
57.26778,-154.565,57.26778
56.99917,-153.54167,56.99917
66.59056,-144.34111,66.59056
65.01667,-148.58333,65.01667
64.06001,-141.92944,64.06001
57.72945,-153.93251,57.72945
62.13334,-142.08333,62.13334
61.53194,-144.43973,61.53194
65.34583,-155.93611,65.34583
64.77612,-141.16194,64.77612
64.83667,-147.615,64.83667
67.03333,-143.28334,67.03333
59.74583,-151.20833,59.74583
65.58584,-163.40805,65.58584
58.36222,-134.5711,58.36222
67.93333,-162.3,67.93333
62.14722,-144.92805,62.14722
63.89333,-152.31056,63.89333
61.32083,-142.58444,61.32083
63.64917,-151.63972,63.64917
66.16167,-148.03835,66.16167
60.04333,-151.66554,60.04333
68.07083,-158.70416,68.07083
66.83334,-154.33333,66.83334
60.19584,-154.31999,60.19584
65.92333,-145.03,65.92333
61.09167,-149.73055,61.09167
61.71611,-162.665,61.71611
64.68472,-153.94,64.68472
61.00083,-153.89583,61.00083
61.64667,-156.43333,61.64667
60.72778,-150.87222,60.72778
63.75333,-143.81667,63.75333
63.44,-153.35667,63.44
63.49028,-150.87138,63.49028
32.95722,-87.17056,32.95722
31.09444,-86.54861,31.09444
34.62416,-93.80611,34.62416
33.84167,-109.12222,33.84167
36.79445,-113.75667,36.79445
36.2,-112.06667,36.2
36.26805,-110.60833,36.26805
36.93056,-112.19972,36.93056
34.2075,-110.53361,34.2075
34.18417,-110.66361,34.18417
34.59639,-112.04806,34.59639
34.24972,-110.6725,34.24972
35.13667,-111.65667,35.13667
34.29805,-110.41917,34.29805
31.78056,-110.63472,31.78056
35.145,-111.675,35.145
39.82528,-109.97972,39.82528
33.81333,-109.97166,33.81333
35.84555,-113.055,35.84555
33.35028,-110.65195,33.35028
34.75,-113.3,34.75
34.105,-110.60555,34.105
34.5,-109.43333,34.5
36.70444,-112.58334,36.70444
32.95,-109.28333,32.95
34.78722,-114.56167,34.78722
34.39778,-110.56445,34.39778
33.61833,-110.42,33.61833
35.81028,-110.20694,35.81028
31.67528,-110.88,31.67528
32.9375,-110.49611,32.9375
36.56445,-111.97806,36.56445
34.11639,-112.30056,34.11639
36.69917,-113.20722,36.69917
34.58528,-112.50195,34.58528
34.22361,-110.3425,34.22361
34.23278,-110.20111,34.23278
34.16,-109.98,34.16
36.28556,-112.07861,36.28556
35.03361,-113.89249,35.03361
36.34722,-113.19889,36.34722
32.4,-110.27084,32.4
35.61472,-113.79389,35.61472
36.39,-113.15222,36.39
36.27222,-110.77945,36.27222
36.50722,-113.81612,36.50722
34.24306,-111.30278,34.24306
36.47055,-112.84139,36.47055
33.215,-110.715,33.215
33.58444,-109.53416,33.58444
31.91,-111.8975,31.91
34.16667,-112.73333,34.16667
34.19528,-112.14166,34.19528
33.26667,-109.36833,33.26667
35.7825,-113.79417,35.7825
36.58194,-113.73194,36.58194
35.22472,-114.37473,35.22472
34.55389,-111.84917,34.55389
36.7,-112.23,36.7
36.15417,-113.54166,36.15417
41.62778,-121.29833,41.62778
33.38139,-117.28555,33.38139
33.555,-116.67305,33.555
35.19194,-120.43166,35.19194
36.23,-121.49166,36.23
41.05194,-120.68611,41.05194
38.90556,-120.69722,38.90556
35.88417,-118.05167,35.88417
38.48833,-120.325,38.48833
33.54167,-117.59167,33.54167
37.13166,-122.17,37.13166
37.84306,-118.47778,37.84306
34.31944,-117.01305,34.31944
36.23556,-121.785,36.23556
39.93417,-120.55112,39.93417
40.59805,-121.08305,40.59805
38.24667,-119.21972,38.24667
37.82333,-120.09834,37.82333
40.48083,-120.11388,40.48083
32.72139,-116.46305,32.72139
35.09639,-119.77278,35.09639
36.41084,-118.80917,36.41084
40.00167,-120.91611,40.00167
36.15667,-117.85445,36.15667
39.69194,-120.02084,39.69194
37.69833,-120.28667,37.69833
36.34167,-118.8625,36.34167
40.28972,-121.08528,40.28972
34.80833,-119.0125,34.80833
33.87666,-117.30889,33.87666
33.64528,-117.44334,33.64528
34.19417,-116.91306,34.19417
40.25834,-124.25,40.25834
33.74028,-116.84139,33.74028
34.00917,-119.65417,34.00917
34.22111,-117.40305,34.22111
37.06667,-119.15,37.06667
39.78667,-120.63,39.78667
41.625,-121.06778,41.625
39.14389,-120.50889,39.14389
33.65167,-117.40667,33.65167
34.63445,-117.55028,34.63445
38.24306,-120.51444,38.24306
36.9,-119.5,36.9
34.26611,-116.89889,34.26611
36.96139,-119.175,36.96139
37.47833,-118.40778,37.47833
35.87167,-117.91833,35.87167
39.09139,-120.73167,39.09139
36.01167,-121.24166,36.01167
36.59944,-121.7525,36.59944
35.89222,-118.915,35.89222
33.80806,-117.71111,33.80806
37.83305,-120.5,37.83305
36.55139,-121.38889,36.55139
39.07167,-120.42166,39.07167
39.03083,-123.08055,39.03083
35.77055,-115.90916,35.77055
36.5625,-117.47361,36.5625
37.01556,-119.56084,37.01556
41.74167,-121.53833,41.74167
35.685,-117.88944,35.685
37.93972,-119.13278,37.93972
33.07583,-116.59084,33.07583
41.33222,-120.4725,41.33222
33.66667,-116.76667,33.66667
36.03333,-120.05695,36.03333
38.86222,-122.41722,38.86222
35.38111,-120.1875,35.38111
35.65556,-120.92278,35.65556
40.14167,-120.35333,40.14167
35.47833,-117.69889,35.47833
40.28333,-121.2,40.28333
41.26389,-121.50278,41.26389
37.05194,-121.03889,37.05194
34.53583,-119.78333,34.53583
34.01778,-116.18778,34.01778
40.68972,-122.83139,40.68972
39.125,-123.07083,39.125
34.23389,-117.48028,34.23389
37.81722,-121.77889,37.81722
40.54,-121.58028,40.54
37.50111,-119.98499,37.50111
38.68333,-119.76667,38.68333
37.41556,-119.76862,37.41556
38.84889,-120.01806,38.84889
35.12305,-115.41139,35.12305
34.08361,-117.03472,34.08361
36.23195,-118.87056,36.23195
35.05305,-116.07944,35.05305
34.46139,-119.64806,34.46139
34.3175,-117.50195,34.3175
38.05778,-120.24139,38.05778
37.38166,-119.16944,37.38166
37.05444,-119.37112,37.05444
37.86722,-121.90112,37.86722
32.87972,-116.42027,32.87972
37.4375,-119.66639,37.4375
40.65056,-122.60555,40.65056
33.39333,-116.795,33.39333
34.44833,-119.23028,34.44833
38.73333,-120.245,38.73333
37.39,-118.55056,37.39
34.68195,-119.35389,34.68195
36.12028,-117.08778,36.12028
35.89889,-120.43194,35.89889
40.24639,-120.64333,40.24639
39.475,-121.2025,39.475
33.01639,-116.63389,33.01639
37.08611,-119.25667,37.08611
34.40445,-118.81001,34.40445
32.60611,-116.60806,32.60611
37.44306,-121.77056,37.44306
39.975,-120.94167,39.975
33.21222,-116.50528,33.21222
40.73083,-120.31639,40.73083
34.06083,-114.73222,34.06083
37.55139,-118.66722,37.55139
34.54306,-119.18417,34.54306
41.29445,-120.86388,41.29445
39.6375,-120.86527,39.6375
32.84,-118.3875,32.84
33.52861,-117.23055,33.52861
41.13834,-123.90556,41.13834
41.85278,-122.85,41.85278
36.56722,-118.95555,36.56722
37.13528,-119.255,37.13528
34.29111,-118.81445,34.29111
37.5625,-122.43639,37.5625
32.90834,-114.49444,32.90834
39.48333,-120.075,39.48333
39.47028,-120.08694,39.47028
33.47806,-117.48583,33.47806
34.21,-118.87,34.21
41.62944,-121.29806,41.62944
36.9,-119.3,36.9
33.22611,-116.99222,33.22611
39.31667,-120.8375,39.31667
37.85111,-119.65,37.85111
34.12333,-116.40778,34.12333
39.15861,-105.22444,39.15861
38.54278,-107.68694,38.54278
38.45945,-109.04694,38.45945
37.19944,-108.48917,37.19944
38.31389,-105.48444,38.31389
38.57306,-108.27778,38.57306
39.91528,-108.8875,39.91528
40.04583,-108.2,40.04583
40.75778,-107.85333,40.75778
40.20917,-106.32916,40.20917
39.69528,-106.97305,39.69528
39.07361,-105.29528,39.07361
39.76667,-108.31667,39.76667
38.33194,-107.08889,38.33194
38.75333,-108.57972,38.75333
38.84167,-107.73611,38.84167
40.73917,-108.83472,40.73917
39.09278,-105.37556,39.09278
37.055,-107.70694,37.055
37.30056,-108.41334,37.30056
38.22972,-108.55833,38.22972
40.02083,-108.39722,40.02083
39.91472,-105.1175,39.91472
39.51222,-107.74916,39.51222
37.27,-107.00445,37.27
39.35278,-107.09306,39.35278
25.39028,-80.68027,25.39028
28.64083,-80.73083,28.64083
25.60972,-80.85027,25.60972
34.69528,-85.17361,34.69528
34.80278,-83.71,34.80278
34.63,-84.0975,34.63
34.64028,-83.52195,34.64028
34.9225,-84.65945,34.9225
33.20834,-83.71361,33.20834
34.90583,-83.33445,34.90583
34.765,-84.07444,34.765
22.13056,-159.71527,22.13056
21.20333,-156.96611,21.20333
22.18333,-159.3375,22.18333
44.39584,-112.10806,44.39584
43.59944,-116.20805,43.59944
44.385,-115.55,44.385
44.28833,-116.20333,44.28833
44.375,-114.56667,44.375
42.36528,-112.70555,42.36528
44.22972,-115.24694,44.22972
44.50417,-114.22278,44.50417
47.02083,-116.26667,47.02083
43.8,-113.83334,43.8
46.0225,-116.8825,46.0225
42.98333,-113.16666,42.98333
44.32555,-117.16778,44.32555
43.17445,-115.15166,43.17445
46.62167,-116.21833,46.62167
42.86666,-111.21667,42.86666
44.84639,-114.02639,44.84639
46.1,-115.53472,46.1
47.12917,-115.875,47.12917
43.61972,-114.89889,43.61972
42.07917,-112.18333,42.07917
45.47917,-114.47166,45.47917
44.16778,-111.77917,44.16778
42.095,-113.89583,42.095
47.77917,-116.8125,47.77917
42.41722,-115.22778,42.41722
43.94806,-114.75611,43.94806
45.38334,-114.16666,45.38334
46.66667,-115.16666,46.66667
45.35555,-113.89333,45.35555
44.7,-113.35,44.7
47.10833,-116.22778,47.10833
44.09111,-115.88055,44.09111
44.5,-114.9,44.5
45.37861,-115.18723,45.37861
42.02028,-113.09028,42.02028
46.07,-114.55,46.07
43.78972,-114.42083,43.78972
47.50834,-115.94611,47.50834
46.5,-115.83334,46.5
44.25,-116.18333,44.25
43.54,-111.20083,43.54
45.63834,-116.46972,45.63834
42.06944,-115.78611,42.06944
46.98333,-116.98333,46.98333
46.51222,-114.68806,46.51222
48.575,-116.96361,48.575
45.7125,-115.3375,45.7125
48.94167,-116.72916,48.94167
42.09333,-116.77695,42.09333
46.98333,-116.63333,46.98333
44.94361,-116.18778,44.94361
45.33667,-114.46806,45.33667
45.63334,-116.28333,45.63334
45.09972,-116.73694,45.09972
44.16917,-114.92583,44.16917
44.90445,-115.7375,44.90445
43.93333,-115.91666,43.93333
42.31611,-114.30305,42.31611
44.8475,-116.42667,44.8475
37.24861,-89.37862,37.24861
37.43667,-88.66722,37.43667
39.0,-86.42278,39.0
38.125,-86.625,38.125
38.435,-96.56084,38.435
37.76889,-83.63333,37.76889
36.77639,-88.06306,36.77639
37.05555,-84.615,37.05555
38.175,-83.40833,38.175
32.80416,-93.06667,32.80416
31.50222,-92.46166,31.50222
31.185,-92.63139,31.185
31.49139,-93.19222,31.49139
44.37694,-68.26083,44.37694
44.46806,-86.05334,44.46806
46.25361,-86.71416,46.25361
45.93333,-86.41666,45.93333
46.25,-84.58334,46.25
47.94611,-91.49472,47.94611
36.94306,-92.65,36.94306
37.18056,-91.11806,37.18056
36.62694,-90.82389,36.62694
37.50139,-91.25945,37.50139
31.41055,-90.84667,31.41055
32.81,-90.0,32.81
33.52583,-89.97305,33.52583
31.52417,-88.88889,31.52417
34.62028,-89.31417,34.62028
47.58667,-108.86945,47.58667
45.64806,-106.50083,45.64806
48.63334,-115.58334,48.63334
48.13334,-114.71667,48.13334
44.96667,-113.21667,44.96667
44.99361,-108.34834,44.99361
47.51667,-108.03333,47.51667
46.02778,-114.05528,46.02778
45.35,-111.73444,45.35
48.9,-115.01667,48.9
48.30416,-108.71889,48.30416
45.29694,-106.16139,45.29694
47.78972,-112.93945,47.78972
46.32917,-111.58806,46.32917
46.19278,-113.92027,46.19278
45.64528,-114.62778,45.64528
47.61555,-114.66944,47.61555
48.38472,-114.0575,48.38472
47.76694,-114.23472,47.76694
46.31166,-105.02222,46.31166
46.92722,-110.8675,46.92722
48.38334,-115.56667,48.38334
46.96806,-112.63528,46.96806
47.07139,-114.545,47.07139
46.85,-114.05,46.85
47.07083,-114.40222,47.07083
46.31667,-113.3,46.31667
47.45,-114.86667,47.45
47.04111,-113.97916,47.04111
48.12694,-105.07305,48.12694
46.83528,-110.7175,46.83528
45.3375,-108.49083,45.3375
47.50778,-113.23694,47.50778
45.33,-112.91278,45.33
44.68333,-111.83334,44.68333
48.255,-109.78361,48.255
47.18278,-113.44722,47.18278
46.43945,-114.22723,46.43945
47.25611,-107.79333,47.25611
47.56194,-107.52862,47.56194
47.92389,-113.52473,47.92389
48.7375,-113.43055,48.7375
47.31083,-115.10972,47.31083
46.91417,-110.85278,46.91417
45.93472,-113.73833,45.93472
47.58055,-115.285,47.58055
48.46667,-115.91666,48.46667
45.81805,-114.26305,45.81805
46.53444,-110.88528,46.53444
45.88334,-112.15,45.88334
45.78333,-112.93333,45.78333
45.31305,-107.17194,45.31305
34.53278,-77.72195,34.53278
36.38556,-79.29195,36.38556
35.96667,-79.09167,35.96667
35.13972,-79.06445,35.13972
36.0175,-76.89166,36.0175
35.21333,-82.59,35.21333
34.825,-77.32195,34.825
35.31667,-82.2,35.31667
35.79222,-80.31195,35.79222
35.81667,-81.93723,35.81667
36.2275,-81.2975,36.2275
34.96,-79.69,34.96
35.97306,-77.79861,35.97306
35.42861,-81.93945,35.42861
34.68306,-78.58167,34.68306
48.96806,-104.00222,48.96806
47.98528,-98.9075,47.98528
48.37,-100.43,48.37
48.63334,-102.4,48.63334
46.46584,-97.31612,46.46584
47.78028,-103.28667,47.78028
36.97694,-107.62833,36.97694
33.455,-108.665,33.455
32.41667,-108.1,32.41667
33.8,-106.88333,33.8
32.92778,-103.85667,32.92778
33.77278,-106.09834,33.77278
35.19361,-108.16222,35.19361
35.94194,-107.07722,35.94194
36.42306,-106.77195,36.42306
32.32333,-106.58667,32.32333
32.82555,-105.18055,32.82555
33.65111,-104.32166,33.65111
35.94528,-106.31001,35.94528
33.575,-107.98444,33.575
33.22334,-108.24,33.22334
35.24167,-107.67,35.24167
31.7,-108.34167,31.7
35.84111,-106.61889,35.84111
31.55917,-108.32639,31.55917
34.9,-108.09583,34.9
32.98333,-105.5,32.98333
34.52055,-106.26139,34.52055
32.17972,-103.72166,32.17972
35.55833,-105.48333,35.55833
33.6925,-108.06306,33.6925
35.89473,-106.34389,35.89473
35.12583,-106.67472,35.12583
35.69028,-105.88084,35.69028
32.58,-106.525,32.58
35.99722,-106.28111,35.99722
32.51667,-107.11667,32.51667
34.06667,-108.43333,34.06667
35.83333,-106.33334,35.83333
36.05889,-105.76945,36.05889
35.8925,-106.37083,35.8925
35.99417,-106.36,35.99417
39.73695,-115.51806,39.73695
39.5025,-117.51444,39.5025
40.55833,-116.75833,40.55833
40.50167,-119.12167,40.50167
38.26111,-118.88028,38.26111
40.58194,-119.79,40.58194
39.75694,-114.14916,39.75694
39.38139,-116.175,39.38139
38.28333,-114.75833,38.28333
40.45972,-115.85,40.45972
39.26361,-118.94334,39.26361
39.30111,-117.58445,39.30111
36.57917,-115.14389,36.57917
39.67389,-119.76778,39.67389
41.49167,-119.11667,41.49167
38.93611,-119.65195,38.93611
39.84972,-116.55806,39.84972
39.38,-119.83055,39.38
37.92139,-114.15972,37.92139
38.76861,-119.44583,38.76861
37.25056,-114.7075,37.25056
41.53861,-116.2175,41.53861
41.45583,-117.63333,41.45583
36.03056,-115.51667,36.03056
37.23528,-117.49638,37.23528
38.30361,-116.1925,38.30361
36.13528,-115.42722,36.13528
41.64306,-114.4375,41.64306
40.39445,-117.625,40.39445
40.44028,-114.81111,40.44028
41.51778,-115.39278,41.51778
39.38583,-82.98499,39.38583
34.75583,-94.98306,34.75583
34.77444,-98.74583,34.77444
44.58305,-119.58639,44.58305
43.92472,-119.59444,43.92472
44.03972,-118.41639,44.03972
44.03,-120.4,44.03
42.25472,-118.97916,42.25472
45.595,-118.23499,45.595
44.59333,-119.27778,44.59333
44.98333,-122.0,44.98333
44.32306,-119.76694,44.32306
43.56111,-120.2486,43.56111
43.03611,-122.65528,43.03611
42.11972,-122.56334,42.11972
43.21917,-123.84278,43.21917
42.77778,-123.72945,42.77778
44.34889,-123.88528,44.34889
44.97111,-118.92972,44.97111
45.21167,-123.77195,45.21167
44.35,-120.13,44.35
44.16667,-118.46667,44.16667
43.83333,-118.95,43.83333
42.28333,-122.31667,42.28333
43.95778,-124.11972,43.95778
45.92667,-117.58833,45.92667
44.75778,-117.97112,44.75778
42.59778,-123.10333,42.59778
44.3,-119.33334,44.3
42.47222,-119.17833,42.47222
42.20555,-121.13889,42.20555
43.92806,-123.89027,43.92806
42.62611,-117.395,42.62611
44.45028,-121.13,44.45028
44.96611,-121.49083,44.96611
42.11666,-123.66666,42.11666
45.11389,-118.40389,45.11389
45.12389,-116.95222,45.12389
44.66611,-118.92083,44.66611
43.90139,-117.98583,43.90139
42.49472,-123.39722,42.49472
44.60889,-121.62778,44.60889
42.78722,-122.07166,42.78722
45.03,-121.62778,45.03
44.92583,-121.19444,44.92583
42.82639,-118.93611,42.82639
42.76944,-122.06389,42.76944
45.35472,-117.70444,45.35472
42.28972,-123.23028,42.28972
42.12333,-124.30056,42.12333
43.00195,-123.78028,43.00195
44.4625,-120.29361,44.4625
42.06667,-123.01667,42.06667
42.15,-123.06667,42.15
42.18945,-120.84639,42.18945
42.19889,-120.24555,42.19889
42.30972,-121.56944,42.30972
42.71778,-121.01111,42.71778
43.24333,-121.35833,43.24333
42.68889,-122.46833,42.68889
45.05722,-101.47667,45.05722
43.73333,-103.61667,43.73333
43.31805,-101.14444,43.31805
43.29,-102.27112,43.29
28.30444,-96.82333,28.30444
29.14667,-95.30222,29.14667
29.26667,-103.3,29.26667
31.89444,-104.79778,31.89444
28.86472,-95.56778,28.86472
37.5,-112.25,37.5
40.59833,-113.02167,40.59833
37.51667,-112.55556,37.51667
37.15223,-113.95139,37.15223
38.22445,-109.27834,38.22445
38.97917,-112.23944,38.97917
40.26917,-110.56223,40.26917
39.60972,-110.29444,39.60972
37.90334,-111.69139,37.90334
41.15,-111.91666,41.15
40.88334,-109.41666,40.88334
40.30083,-112.77639,40.30083
40.61722,-109.24277,40.61722
37.55861,-113.71722,37.55861
39.88111,-110.26583,39.88111
39.3375,-110.6,39.3375
40.95278,-110.48055,40.95278
38.66667,-112.65083,38.66667
39.93361,-110.86166,39.93361
39.30944,-111.32278,39.30944
37.52639,-109.89361,37.52639
38.77083,-111.8625,38.77083
38.49,-109.43945,38.49
39.79861,-112.27222,39.79861
40.65167,-111.05195,40.65167
40.43111,-111.75,40.43111
39.35,-112.0,39.35
38.63194,-112.06111,38.63194
37.81667,-112.11667,37.81667
39.35,-113.38472,39.35
40.09889,-112.42694,40.09889
37.21611,-113.37778,37.21611
40.54667,-110.32777,40.54667
43.33333,-73.03333,43.33333
48.74306,-119.62222,48.74306
48.01805,-120.23416,48.01805
47.91667,-123.11723,47.91667
47.73333,-120.53333,47.73333
47.67445,-120.21083,47.67445
47.03778,-117.94722,47.03778
45.86722,-120.72305,45.86722
47.36722,-123.75833,47.36722
47.55,-123.16666,47.55
48.60833,-118.11945,48.60833
48.27333,-119.52334,48.27333
47.93834,-118.09361,47.93834
46.96861,-121.06861,46.96861
47.93472,-118.93472,47.93472
48.34694,-120.72028,48.34694
47.26667,-120.65,47.26667
48.48889,-117.43166,48.48889
48.01667,-123.91666,48.01667
47.87639,-118.09612,47.87639
43.72361,-110.71027,43.72361
44.9275,-110.99027,44.9275
44.57389,-109.26139,44.57389
44.15834,-110.08334,44.15834
42.97833,-109.11667,42.97833
41.74,-70.89,41.74
38.8,-104.52,38.8
35.15,-101.88,35.15
39.01,-76.61,39.01
27.84,-97.06,27.84
36.84,-107.91,36.84
44.4,-68.22,44.4
44.1,-71.16,44.1
45.97,-108.0,45.97
37.21,-80.41,37.21
36.88,-89.97,36.88
43.23,-90.53,43.23
46.82,-100.82,46.82
28.46,-80.55,28.46
65.5,-144.68,65.5
32.76,-79.84,32.76
64.87,-147.86,64.87
44.94,-97.96,44.94
40.44,-124.4,40.44
37.52,-92.7,37.52
42.3,-83.1,42.3
34.11,-94.29,34.11
36.96,-76.56,36.96
39.99,-105.26,39.99
29.88,-89.94,29.88
40.08,-97.31,40.08
35.22,-111.82,35.22
29.33,-94.74,29.33
37.78,-102.18,37.78
62.11,-145.97,62.11
45.78,-121.33,45.78
30.51,-90.47,30.51
38.3,-97.29,38.3
35.97,-80.01,35.97
35.68,-95.86,35.68
40.88,-78.18,40.88
37.65,-99.11,37.65
33.02,-100.98,33.02
24.58,-81.65,24.58
30.09,-96.78,30.09
36.69,-97.48,36.69
38.01,-85.3,38.01
39.58,-94.17,39.58
33.54,-101.84,33.54
41.9,-106.19,41.9
39.09,-108.53,39.09
27.85,-82.53,27.85
32.7,-83.56,32.7
35.47,-90.21,35.47
25.73,-80.16,25.73
43.0,-87.89,43.0
30.23,-88.02,30.23
40.79,-72.75,40.79
35.17,-77.05,35.17
30.36,-89.61,30.36
37.3,-95.6,37.3
39.42,-118.71,39.42
42.21,-97.8,42.21
44.26,-85.44,44.26
34.09,-88.86,34.09
31.78,-95.72,31.78
37.85,-122.42,37.85
32.67,-117.24,32.67
47.66,-114.11,47.66
40.18,-104.73,40.18
44.45,-68.77,44.45
46.86,-94.72,46.86
37.19,-122.39,37.19
34.98,-97.52,34.98
47.39,-122.37,47.39
40.09,-100.65,40.09
32.14,-81.7,32.14
47.69,-122.26,47.69
40.47,-74.01,40.47
32.86,-117.25,32.86
41.9,-93.7,41.9
40.77,-111.95,40.77
38.61,-89.76,38.61
34.83,-102.51,34.83
45.75,-87.07,45.75
46.3,-85.51,46.3
43.12,-76.09,43.12
35.09,-103.61,35.09
62.31,-150.42,62.31
42.29,-84.39,42.29
34.83,-120.56,34.83
36.07,-99.22,36.07
32.33,-90.92,32.33
44.67,-95.45,44.67
42.74,-103.33,42.74
40.81,-87.05,40.81
39.66,-90.48,39.66
31.9,-92.78,31.9
32.41,-106.35,32.41
43.23,-78.97,43.23
44.6167,-72.05,44.6167
36.35,-81.53,36.35
39.19,-84.21,39.19
32.77,-117.05,32.77
39.035,-76.908,39.035
32.58,-97.35,32.58
43.2,-79.2,43.2
45.338,-123.096,45.338
28.2,-80.6,28.2
29.44,-95.1,29.44
31.31,-92.44,31.31
30.74,-88.26,30.74
35.13,-111.67,35.13
33.565464,-112.05364,33.565464
43.8,-75.47,43.8
33.58,-86.05,33.58
36.15,-86.35,36.15
34.49,-118.09,34.49
33.89,-118.13,33.89
32.64,-117.083,32.64
38.8,-122.99,38.8
39.75347,-123.20775,39.75347
37.46,-122.27,37.46
38.665,-121.165,38.665
33.49,-117.4,33.49
32.827286,-116.92719,32.827286
34.69,-118.18,34.69
38.885,-121.298,38.885
39.34,-121.08,39.34
38.54231,-121.3695,38.54231
35.26,-120.71,35.26
37.06,-121.61,37.06
37.98,-122.52,37.98
35.19,-118.6,35.19
40.048,-107.83,40.048
38.3,-104.57,38.3
39.64,-106.09,39.64
41.70038,-72.02061,41.70038
41.349,-73.185,41.349
38.37,-122.82,38.37
28.484,-80.803,28.484
28.79,-81.34,28.79
26.13,-80.12,26.13
30.401,-86.864,30.401
28.175238,-80.602165,28.175238
27.8,-80.48,27.8
34.04,-83.83,34.04
34.05,-84.52,34.05
34.01422,-84.357376,34.01422
43.15,-93.2,43.15
38.3,-85.96,38.3
38.89,-94.75,38.89
37.01,-88.52,37.01
42.41,-71.15,42.41
42.24,-71.58,42.24
42.068493,-71.625626,42.068493
44.81,-93.31,44.81
46.783,-92.106,46.783
36.45,-89.92,36.45
35.28,-81.68,35.28
41.68,-96.55,41.68
40.79,-96.63,40.79
41.309994,-96.06035,41.309994
36.0,-83.98,36.0
40.689,-73.333,40.689
42.22,-78.27,42.22
40.71,-73.64,40.71
41.82,-74.67,41.82
41.17,-73.96,41.17
43.16,-77.56,43.16
41.15095,-74.19721,41.15095
42.078,-76.02,42.078
40.91,-72.34,40.91
39.26,-84.58,39.26
40.01,-83.11,40.01
39.994,-75.365,39.994
18.42,-66.06,18.42
41.23,-80.5,41.23
36.8,-76.33,36.8
41.55,-71.3,41.55
34.872116,-82.28625,34.872116
34.63072,-82.51173,34.63072
44.0449,-103.233,44.0449
44.421,-103.5571,44.421
38.44,-122.71,38.44
35.91,-86.88,35.91
32.51,-99.73,32.51
30.207014,-97.937225,30.207014
34.098,-98.57,34.098
32.93,-96.94,32.93
33.154,-97.064,33.154
29.598364,-95.106544,29.598364
29.79,-95.58,29.79
33.039967,-96.76457,33.039967
32.932,-96.459,32.932
29.51,-98.68,29.51
30.5844,-97.4156,30.5844
40.75,-111.87,40.75
38.25,-78.53,38.25
37.77,-79.45,37.77
37.651,-78.299,37.651
38.46285,-77.46338,38.46285
48.25,-121.61,48.25
45.6036,-122.4779,45.6036
45.71,-122.62,45.71
39.75,-104.5,39.75
41.91,-70.93,41.91
34.384216,-117.59854,34.384216
41.37,-73.23,41.37
35.37,-80.66,35.37
35.85,-78.17,35.85
34.5,-117.96,34.5
33.69,-78.89,33.69
35.05,-85.31,35.05
39.8,-75.68,39.8
33.52,-86.8,33.52
33.53,-82.24,33.53
36.31,-82.35,36.31
30.64,-87.89,30.64
30.6701,-88.1156,30.6701
30.16,-85.66,30.16
39.87,-105.297,39.87
39.639,-104.769,39.639
39.754,-105.016,39.754
39.245,-104.589,39.245
39.993,-104.817,39.993
39.681,-105.496,39.681
39.672,-105.347,39.672
39.562,-105.019,39.562
39.499,-104.776,39.499
39.376,-104.846,39.376
40.035,-105.541,40.035
40.018,-105.404,40.018
39.992,-105.153,39.992
40.148,-105.39,40.148
40.221,-105.369,40.221
39.768,-104.869,39.768
43.50833,-93.35406,43.50833
44.4785,-93.29243,44.4785
45.64292,-92.99275,45.64292
46.21257,-92.83856,46.21257
43.60832,-96.37794,43.60832
43.63734,-95.76991,43.63734
43.63869,-95.11854,43.63869
43.66305,-94.12244,43.66305
43.72716,-92.68137,43.72716
43.95564,-92.20515,43.95564
43.91192,-91.54358,43.91192
46.84679,-96.66814,46.84679
46.49066,-96.29125,46.49066
45.83765,-95.36622,45.83765
45.7131,-94.93145,45.7131
45.39469,-94.02561,45.39469
47.87431,-94.43243,47.87431
47.8544,-92.04811,47.8544
46.68822,-93.95449,46.68822
44.94926,-95.40952,44.94926
44.90608,-93.98643,44.90608
48.57236,-96.91488,48.57236
48.81951,-95.96101,48.81951
48.62768,-94.06709,48.62768
44.27026,-96.32004,44.27026
44.45889,-96.43523,44.45889
44.54471,-94.99542,44.54471
44.54319,-94.41412,44.54319
44.69162,-95.61401,44.69162
45.61643,-94.02149,45.61643
46.14426,-94.1041,46.14426
45.55822,-96.49392,45.55822
45.48841,-95.56216,45.48841
44.05717,-95.5973,44.05717
43.71933,-91.43675,43.71933
47.60357,-94.12675,47.60357
44.40925,-92.85847,44.40925
45.43236,-94.93237,45.43236
47.27417,-95.93363,47.27417
44.07556,-94.36825,44.07556
44.60102,-92.69779,44.60102
47.97642,-89.68497,47.97642
46.91173,-94.72292,46.91173
46.33976,-93.26205,46.33976
46.97836,-93.27369,46.97836
47.84037,-93.48518,47.84037
48.20715,-94.55401,48.20715
46.04313,-96.49418,46.04313
46.40366,-95.60213,46.40366
48.43646,-95.73119,48.43646
48.97085,-97.2017,48.97085
47.29594,-96.73165,47.29594
44.93617,-96.4418,44.93617
47.86831,-96.91684,47.86831
47.37123,-94.47964,47.37123
46.87745,-96.11144,46.87745
46.41334,-95.05439,46.41334
45.76654,-94.23284,45.76654
43.51495,-91.88499,43.51495
47.21127,-92.48769,47.21127
48.29424,-92.97047,48.29424
47.77035,-96.00102,47.77035
44.28482,-91.98967,44.28482
44.08369,-95.11995,44.08369
44.15434,-94.03397,44.15434
44.36554,-93.96315,44.36554
44.57227,-93.8427,44.57227
45.87584,-93.66408,45.87584
45.98504,-92.94818,45.98504
48.78936,-95.05103,48.78936
44.54364,-93.62482,44.54364
43.90234,-92.4823,43.90234
44.9526,-68.2745,44.9526
42.57,-72.6,42.57
46.71665,-92.25142,46.71665
46.77181,-92.11499,46.77181
47.09438,-91.55177,47.09438
47.50928,-92.53288,47.50928
44.79849,-93.29016,44.79849
45.09621,-93.45002,45.09621
45.03843,-93.06251,45.03843
47.44509,-92.88758,47.44509
43.94569,-93.26788,43.94569
47.06749,-91.59307,47.06749
46.74854,-92.09998,46.74854
46.73409,-92.09713,46.73409
44.7506,-71.6311,44.7506
45.0403,-71.4436,45.0403
41.8417,-73.0103,41.8417
43.0333,-71.0833,43.0333
41.4833,-71.5333,41.4833
45.8752,-69.2025,45.8752
44.6331,-73.3064,44.6331
43.50833,-93.35406,43.50833
44.4785,-93.29243,44.4785
45.64292,-92.99275,45.64292
46.21257,-92.83856,46.21257
43.60832,-96.37794,43.60832
43.63734,-95.76991,43.63734
43.63869,-95.11854,43.63869
43.66305,-94.12244,43.66305
43.72716,-92.68137,43.72716
43.95564,-92.20515,43.95564
43.91192,-91.54358,43.91192
46.84679,-96.66814,46.84679
46.49066,-96.29125,46.49066
45.83765,-95.36622,45.83765
45.7131,-94.93145,45.7131
45.39469,-94.02561,45.39469
47.87431,-94.43243,47.87431
47.8544,-92.04811,47.8544
46.68822,-93.95449,46.68822
44.94926,-95.40952,44.94926
44.90608,-93.98643,44.90608
48.57236,-96.91488,48.57236
48.81951,-95.96101,48.81951
48.62768,-94.06709,48.62768
48.60179,-93.37344,48.60179
44.27026,-96.32004,44.27026
44.45889,-96.43523,44.45889
44.54471,-94.99542,44.54471
44.54319,-94.41412,44.54319
44.69162,-95.61401,44.69162
45.61643,-94.02149,45.61643
46.14426,-94.1041,46.14426
45.55822,-96.49392,45.55822
45.48841,-95.56216,45.48841
44.05717,-95.5973,44.05717
43.71933,-91.43675,43.71933
47.60357,-94.12675,47.60357
44.40925,-92.85847,44.40925
45.43236,-94.93237,45.43236
47.27417,-95.93363,47.27417
44.07556,-94.36825,44.07556
44.60102,-92.69779,44.60102
47.97642,-89.68497,47.97642
46.91173,-94.72292,46.91173
46.33976,-93.26205,46.33976
46.97836,-93.27369,46.97836
47.84037,-93.48518,47.84037
48.20715,-94.55401,48.20715
46.04313,-96.49418,46.04313
46.40366,-95.60213,46.40366
48.43646,-95.73119,48.43646
48.97085,-97.2017,48.97085
47.29594,-96.73165,47.29594
44.93617,-96.4418,44.93617
47.37123,-94.47964,47.37123
46.87745,-96.11144,46.87745
46.41334,-95.05439,46.41334
45.76654,-94.23284,45.76654
43.51495,-91.88499,43.51495
47.21127,-92.48769,47.21127
48.29424,-92.97047,48.29424
47.77035,-96.00102,47.77035
44.28482,-91.98967,44.28482
44.08369,-95.11995,44.08369
44.15434,-94.03397,44.15434
44.36554,-93.96315,44.36554
44.57227,-93.8427,44.57227
45.87584,-93.66408,45.87584
45.98504,-92.94818,45.98504
48.78936,-95.05103,48.78936
44.54364,-93.62482,44.54364
43.90234,-92.4823,43.90234
27.601,-82.76,27.601
46.77181,-92.11499,46.77181
47.09438,-91.55177,47.09438
47.50928,-92.53288,47.50928
44.79849,-93.29016,44.79849
45.09621,-93.45002,45.09621
44.87517,-93.07298,44.87517
47.44509,-92.88758,47.44509
43.94569,-93.26788,43.94569
47.06749,-91.59307,47.06749
46.74854,-92.09998,46.74854
46.73409,-92.09713,46.73409
32.77,-117.05,32.77
29.44,-95.1,29.44
31.31,-92.44,31.31
35.13,-111.67,35.13
33.565464,-112.05364,33.565464
43.8,-75.47,43.8
33.89,-118.13,33.89
32.827286,-116.92719,32.827286
38.3,-104.57,38.3
38.37,-122.82,38.37
28.79,-81.34,28.79
34.14611,-84.10694,34.14611
40.75,-95.64,40.75
37.01,-88.52,37.01
42.068493,-71.625626,42.068493
40.7957,-74.0553,40.7957
33.362,-105.654,33.362
43.16,-77.56,43.16
40.91,-72.34,40.91
39.26,-84.58,39.26
39.994,-75.365,39.994
39.86,-76.43,39.86
41.55,-71.3,41.55
34.91,-82.0,34.91
34.63072,-82.51173,34.63072
38.44,-122.71,38.44
32.93,-96.94,32.93
29.51,-98.68,29.51
40.75,-111.87,40.75
38.25,-78.53,38.25
45.6036,-122.4779,45.6036
45.71,-122.62,45.71
39.75,-104.5,39.75
33.52,-86.8,33.52
33.53,-82.24,33.53
30.64,-87.89,30.64
26.668,-80.632,26.668
29.6961,-81.9832,29.6961
29.41,-82.17,29.41
29.803,-82.411,29.803
29.693,-81.445,29.693
29.02,-81.969,29.02
29.2226,-81.449,29.2226
28.7893,-81.7479,28.7893
28.9194,-81.631,28.9194
28.682,-81.886,28.682
28.473,-81.649,28.473
28.635,-82.285,28.635
28.642,-81.5493,28.642
28.09,-81.72,28.09
28.017,-82.234,28.017
27.45,-82.482,27.45
26.087,-80.242,26.087
27.426,-80.402,27.426
25.509,-80.499,25.509
26.462,-81.44,26.462
45.2525,-71.2047,45.2525
43.50833,-93.35406,43.50833
44.4785,-93.29243,44.4785
45.64292,-92.99275,45.64292
46.21257,-92.83856,46.21257
43.60832,-96.37794,43.60832
43.63734,-95.76991,43.63734
43.72716,-92.68137,43.72716
43.95564,-92.20515,43.95564
43.91192,-91.54358,43.91192
46.84679,-96.66814,46.84679
46.49066,-96.29125,46.49066
45.7131,-94.93145,45.7131
45.39469,-94.02561,45.39469
47.87431,-94.43243,47.87431
44.90608,-93.98643,44.90608
48.62768,-94.06709,48.62768
48.60179,-93.37344,48.60179
44.27026,-96.32004,44.27026
44.45889,-96.43523,44.45889
44.54471,-94.99542,44.54471
44.54319,-94.41412,44.54319
44.69162,-95.61401,44.69162
45.61643,-94.02149,45.61643
46.14426,-94.1041,46.14426
45.55822,-96.49392,45.55822
45.48841,-95.56216,45.48841
44.05717,-95.5973,44.05717
43.71933,-91.43675,43.71933
47.60357,-94.12675,47.60357
44.40925,-92.85847,44.40925
45.43236,-94.93237,45.43236
47.27417,-95.93363,47.27417
44.07556,-94.36825,44.07556
44.60102,-92.69779,44.60102
47.97642,-89.68497,47.97642
46.91173,-94.72292,46.91173
46.33976,-93.26205,46.33976
46.97836,-93.27369,46.97836
47.84037,-93.48518,47.84037
48.20715,-94.55401,48.20715
46.04313,-96.49418,46.04313
46.40366,-95.60213,46.40366
48.43646,-95.73119,48.43646
48.97085,-97.2017,48.97085
47.29594,-96.73165,47.29594
44.93617,-96.4418,44.93617
47.86831,-96.91684,47.86831
47.37123,-94.47964,47.37123
46.87745,-96.11144,46.87745
46.41334,-95.05439,46.41334
45.76654,-94.23284,45.76654
43.51495,-91.88499,43.51495
47.21127,-92.48769,47.21127
48.29424,-92.97047,48.29424
47.77035,-96.00102,47.77035
44.08369,-95.11995,44.08369
44.15434,-94.03397,44.15434
44.36554,-93.96315,44.36554
44.57227,-93.8427,44.57227
45.87584,-93.66408,45.87584
45.98504,-92.94818,45.98504
48.78936,-95.05103,48.78936
44.54364,-93.62482,44.54364
43.90234,-92.4823,43.90234
43.8791,-70.6327,43.8791
47.50928,-92.53288,47.50928
44.79849,-93.29016,44.79849
45.09621,-93.45002,45.09621
45.03843,-93.06251,45.03843
44.87517,-93.07298,44.87517
47.44509,-92.88758,47.44509
43.94569,-93.26788,43.94569
47.06749,-91.59307,47.06749
46.74854,-92.09998,46.74854
46.73409,-92.09713,46.73409
65.02,-146.22804,65.02
60.11861,-143.28334,60.11861
60.48333,-149.76666,60.48333
62.56528,-144.66472,62.56528
62.72334,-154.07666,62.72334
62.82278,-156.61389,62.82278
63.8375,-144.35028,63.8375
64.23805,-145.26694,64.23805
60.7275,-149.28696,60.7275
65.20166,-161.155,65.20166
67.74139,-144.1225,67.74139
66.74166,-148.67667,66.74166
63.39,-158.81667,63.39
62.6,-142.08333,62.6
64.42555,-158.10583,64.42555
66.09334,-152.17,66.09334
60.36666,-149.4,60.36666
60.59167,-150.31667,60.59167
66.97667,-160.4375,66.97667
66.00833,-157.56999,66.00833
62.94528,-145.50139,62.94528
62.71,-146.61806,62.71
62.70972,-150.53973,62.70972
64.59,-146.14,64.59
66.8125,-141.62,66.8125
66.60333,-159.1125,66.60333
65.93833,-149.85501,65.93833
60.48389,-150.46056,60.48389
62.95722,-143.34666,62.95722
64.315,-151.08333,64.315
33.08667,-109.95055,33.08667
31.445,-110.28001,31.445
32.70389,-109.91389,32.70389
34.20834,-112.33334,34.20834
33.35972,-109.83305,33.35972
36.45,-112.24,36.45
36.79389,-112.04222,36.79389
32.0,-109.35,32.0
34.17889,-110.27361,34.17889
34.90667,-111.445,34.90667
32.66778,-109.78806,32.66778
36.72778,-111.82195,36.72778
36.45167,-112.34361,36.45167
32.20555,-110.54806,32.20555
31.69083,-111.45,31.69083
34.11583,-113.34722,34.11583
32.40334,-110.71166,32.40334
33.88945,-110.90112,33.88945
49.00028,-120.6475,49.00028
34.44584,-118.2,34.44584
40.18667,-123.59028,40.18667
39.65139,-122.72361,39.65139
32.83361,-116.73917,32.83361
40.39833,-122.83334,40.39833
41.27694,-121.97945,41.27694
40.88917,-123.14222,40.88917
39.39833,-121.4,39.39833
37.23306,-119.51527,37.23306
35.13972,-118.625,35.13972
38.60139,-120.94639,38.60139
40.74333,-123.25,40.74333
37.95,-121.88445,37.95
36.09306,-118.26139,36.09306
41.05472,-120.3375,41.05472
41.27333,-123.19,41.27333
38.98722,-123.3625,38.98722
41.68528,-122.59417,41.68528
37.93417,-122.11778,37.93417
38.71944,-122.14222,38.71944
34.21028,-116.63389,34.21028
37.55305,-121.84389,37.55305
41.31528,-122.8,41.31528
38.23111,-121.01111,38.23111
34.36166,-118.42166,34.36166
41.43417,-120.86778,41.43417
40.06861,-121.5825,40.06861
33.44528,-117.41805,33.44528
36.78778,-118.65611,36.78778
34.18472,-118.71722,34.18472
39.71194,-121.77889,39.71194
34.33333,-118.03333,34.33333
34.13695,-117.70694,34.13695
33.37222,-117.35889,33.37222
39.87,-121.76917,39.87
41.7775,-122.94833,41.7775
39.93889,-122.16972,39.93889
33.87444,-117.54916,33.87444
39.01889,-122.41195,39.01889
34.05194,-116.33389,34.05194
35.53167,-118.63028,35.53167
32.85694,-116.62222,32.85694
41.53,-120.67139,41.53
39.56194,-120.04778,39.56194
40.02222,-120.10555,40.02222
39.83333,-123.08334,39.83333
40.13834,-123.82361,40.13834
35.86361,-121.12417,35.86361
36.62694,-121.79806,36.62694
36.62694,-121.78638,36.62694
40.505,-123.34167,40.505
41.84583,-123.97916,41.84583
41.78389,-122.03528,41.78389
33.07361,-116.84583,33.07361
40.75861,-120.89611,40.75861
34.53556,-117.02583,34.53556
40.78278,-120.78167,40.78278
38.78167,-122.91694,38.78167
40.55,-123.165,40.55
39.20834,-122.80833,39.20834
37.31472,-119.03917,37.31472
41.04833,-123.67333,41.04833
40.63055,-120.50278,40.63055
35.29472,-118.22639,35.29472
37.54222,-119.84389,37.54222
35.97167,-118.545,35.97167
41.78611,-122.00555,41.78611
35.755,-118.41666,35.755
38.91361,-122.715,38.91361
40.80722,-121.29667,40.80722
37.83389,-122.06694,37.83389
40.34417,-121.71361,40.34417
39.70222,-123.48499,39.70222
34.04556,-118.93584,34.04556
38.8825,-121.26833,38.8825
34.29361,-118.36083,34.29361
37.35806,-122.14722,37.35806
41.99917,-121.70027,41.99917
34.05833,-118.63333,34.05833
40.79639,-123.93667,40.79639
39.35222,-123.59612,39.35222
34.39056,-116.51694,34.39056
39.8075,-122.945,39.8075
34.38334,-118.08222,34.38334
38.38945,-120.65112,38.38945
41.31556,-122.31556,41.31556
39.98444,-121.00139,39.98444
37.23167,-119.50166,37.23167
36.8425,-118.25945,36.8425
41.8375,-122.85027,41.8375
41.00639,-121.98333,41.00639
36.17528,-118.70166,36.17528
37.86528,-122.22083,37.86528
37.78361,-122.15972,37.78361
35.15417,-117.17555,35.15417
36.72417,-118.9425,36.72417
40.28833,-122.87167,40.28833
38.8325,-121.00861,38.8325
36.68528,-119.0,36.68528
36.47083,-121.14722,36.47083
34.7325,-118.38333,34.7325
37.475,-122.29806,37.475
41.59972,-122.93278,41.59972
36.40694,-118.42166,36.40694
39.30361,-121.11723,39.30361
40.51583,-122.29056,40.51583
39.66833,-123.32,39.66833
37.50195,-121.73555,37.50195
41.42722,-121.46388,41.42722
39.41722,-122.1825,39.41722
34.68472,-117.82083,34.68472
32.685,-116.97361,32.685
36.34778,-120.59778,36.34778
38.47889,-122.71194,38.47889
41.3,-123.12917,41.3
41.11166,-122.69667,41.11166
39.18444,-120.88333,39.18444
41.71722,-123.8,41.71722
41.075,-122.37334,41.075
41.86389,-123.35416,41.86389
39.43333,-122.98333,39.43333
40.92583,-121.58556,40.92583
41.37917,-123.47916,41.37917
35.37,-117.56833,35.37
39.36694,-122.575,39.36694
36.72667,-118.675,36.72667
40.91667,-122.43833,40.91667
41.17083,-120.05833,41.17083
34.16667,-117.76667,34.16667
39.86444,-122.60972,39.86444
40.67889,-122.83305,40.67889
35.8,-118.6,35.8
34.44556,-117.85111,34.44556
41.63667,-121.78667,41.63667
34.66945,-120.56139,34.66945
38.56528,-119.45916,38.56528
35.66472,-118.05695,35.66472
34.58333,-118.55,34.58333
40.735,-122.94334,40.735
41.47889,-122.45389,41.47889
40.30667,-120.9,40.30667
34.56861,-118.74027,34.56861
40.62028,-121.90389,40.62028
36.445,-118.70333,36.445
40.33833,-123.065,40.33833
39.40417,-105.49167,39.40417
37.02028,-106.20055,37.02028
37.79778,-106.77917,37.79778
40.01111,-105.33472,40.01111
39.18139,-105.26723,39.18139
39.64,-105.46472,39.64
37.09694,-104.92139,37.09694
40.07861,-107.36806,40.07861
39.46,-108.88,39.46
37.22694,-107.30473,37.22694
40.535,-106.78084,40.535
40.36666,-105.55,40.36666
39.58,-107.36806,39.58
38.65861,-104.85389,38.65861
38.97722,-105.35528,38.97722
38.96917,-108.94444,38.96917
38.25444,-106.56778,38.25444
39.12666,-107.28472,39.12666
39.60222,-107.35861,39.60222
38.38945,-106.53028,38.38945
40.70111,-106.7925,40.70111
39.87444,-105.51639,39.87444
39.26028,-108.40723,39.26028
37.90556,-104.05556,37.90556
40.09778,-106.64639,40.09778
39.38334,-105.26667,39.38334
38.28695,-105.68139,38.28695
38.97833,-110.20499,38.97833
38.82722,-106.21111,38.82722
40.79805,-105.57222,40.79805
37.65111,-108.53638,37.65111
37.09944,-107.30278,37.09944
38.19167,-108.21667,38.19167
39.56,-105.98638,39.56
39.53305,-107.36611,39.53305
38.90778,-106.60166,38.90778
39.48222,-105.20916,39.48222
38.00389,-105.05639,38.00389
40.35139,-105.21527,40.35139
26.24833,-81.29667,26.24833
25.85,-81.03001,25.85
25.91667,-81.28333,25.91667
25.97083,-80.9,25.97083
30.82889,-82.36,30.82889
19.82111,-155.33055,19.82111
20.58028,-156.5711,20.58028
20.50889,-156.68167,20.50889
21.67917,-157.98944,21.67917
20.52222,-156.56584,20.52222
20.68417,-156.15193,20.68417
20.54361,-156.64084,20.54361
21.68833,-157.9525,21.68833
20.5625,-156.56306,20.5625
21.52611,-158.20416,21.52611
21.52861,-158.2261,21.52861
21.54278,-158.19888,21.54278
19.32528,-155.29112,19.32528
19.68278,-155.54529,19.68278
19.66694,-155.70778,19.66694
19.74556,-155.62723,19.74556
19.77167,-155.70222,19.77167
19.83278,-155.76971,19.83278
21.495,-158.08194,21.495
21.49944,-157.99333,21.49944
20.50972,-158.08278,20.50972
43.62305,-113.38722,43.62305
42.08,-114.48472,42.08
42.53722,-111.85472,42.53722
43.04972,-111.37945,43.04972
44.41667,-111.38333,44.41667
43.5875,-115.99249,43.5875
45.53361,-115.31417,45.53361
43.65,-111.57916,43.65
43.02833,-115.87,43.02833
44.1625,-113.39444,44.1625
43.60083,-114.31583,43.60083
42.89445,-111.84056,42.89445
43.22611,-113.57444,43.22611
42.54778,-113.25945,42.54778
44.1625,-114.0125,44.1625
42.97167,-114.06306,42.97167
44.63194,-115.41778,44.63194
45.15,-113.93333,45.15
42.82861,-116.58862,42.82861
42.69056,-115.19528,42.69056
37.14083,-101.90028,37.14083
36.61528,-83.7625,36.61528
45.11444,-67.28194,45.11444
44.90472,-68.64417,44.90472
48.10861,-88.54667,48.10861
46.24028,-85.94278,46.24028
48.03972,-90.46139,48.03972
47.98333,-91.45333,47.98333
44.68667,-112.54166,44.68667
47.5,-112.9,47.5
47.01667,-105.81667,47.01667
45.07333,-107.88861,45.07333
48.87194,-106.94556,48.87194
45.05528,-105.94833,45.05528
47.285,-110.35166,47.285
45.92806,-112.51167,45.92806
46.18028,-111.71889,46.18028
46.48472,-104.06583,46.48472
48.71611,-114.33584,48.71611
47.24417,-108.3575,47.24417
46.22222,-112.22916,46.22222
47.24167,-112.09167,47.24167
46.71861,-112.00166,46.71861
47.79805,-107.02334,47.79805
45.56972,-107.43584,45.56972
47.81389,-109.01667,47.81389
46.75111,-109.02334,46.75111
47.70278,-108.47861,47.70278
47.39083,-107.64056,47.39083
46.77694,-104.57972,46.77694
46.45139,-113.89222,46.45139
45.19944,-108.79195,45.19944
46.51305,-114.09111,46.51305
48.53944,-114.55945,48.53944
46.85361,-113.39389,46.85361
48.51056,-113.99416,48.51056
47.9225,-108.55278,47.9225
34.04833,-78.29028,34.04833
34.00278,-77.95805,34.00278
41.8975,-100.31084,41.8975
42.72389,-102.97139,42.72389
41.81667,-103.7,41.81667
32.17861,-104.44195,32.17861
34.71944,-107.8475,34.71944
32.77889,-105.81944,32.77889
36.06667,-106.64722,36.06667
32.87389,-105.57222,32.87389
35.92167,-106.32278,35.92167
36.935,-107.0,36.935
33.85111,-107.54305,33.85111
35.87444,-106.36278,35.87444
35.92583,-106.38361,35.92583
33.35,-105.66666,33.35
36.21,-105.76028,36.21
35.07028,-106.38,35.07028
35.8425,-106.37222,35.8425
41.68472,-116.76444,41.68472
41.91111,-119.93889,41.91111
41.92,-119.495,41.92
38.90361,-114.81417,38.90361
39.83333,-116.49166,39.83333
38.75861,-115.41278,38.75861
39.29222,-114.83611,39.29222
41.00917,-119.56306,41.00917
41.08083,-119.77639,41.08083
39.98333,-117.31667,39.98333
40.59306,-114.20277,40.59306
41.80167,-118.45083,41.80167
39.15472,-117.27167,39.15472
43.55555,-118.40417,43.55555
44.03,-121.56833,44.03
44.67,-117.93361,44.67
44.28333,-122.85,44.28333
43.25028,-122.14972,43.25028
42.55,-120.62,42.55
43.425,-120.84167,43.425
42.97361,-119.24611,42.97361
43.41584,-122.57722,43.41584
45.31916,-116.8675,45.31916
42.19139,-120.35333,42.19139
43.71389,-122.835,43.71389
43.905,-123.38,43.905
44.94056,-122.40028,44.94056
45.35389,-117.63278,45.35389
42.85972,-118.67056,42.85972
44.51667,-117.28333,44.51667
43.63889,-123.32583,43.63889
45.02833,-120.53889,45.02833
43.58333,-117.23333,43.58333
42.10583,-122.27806,42.10583
43.53611,-117.83472,43.53611
43.10056,-118.49805,43.10056
45.68167,-117.20638,45.68167
42.5475,-119.65639,42.5475
45.21667,-123.53333,45.21667
44.04445,-120.66611,44.04445
42.90195,-123.31056,42.90195
44.885,-117.33833,44.885
43.23972,-122.4,43.23972
44.11333,-122.57694,44.11333
45.91667,-119.56667,45.91667
44.25222,-123.46722,44.25222
43.34,-119.88139,43.34
44.3325,-123.71638,44.3325
44.52639,-118.32305,44.52639
44.6,-122.41666,44.6
43.97917,-103.425,43.97917
45.5625,-103.99166,45.5625
43.75,-103.63333,43.75
44.19167,-103.50972,44.19167
43.42583,-103.75889,43.42583
36.475,-84.65417,36.475
35.61972,-83.20694,35.61972
35.62361,-83.80833,35.62361
32.22111,-95.76611,32.22111
29.66167,-96.25972,29.66167
30.56611,-98.03889,30.56611
32.65834,-94.11639,32.65834
28.36667,-98.11667,28.36667
32.70167,-94.94473,32.70167
33.03528,-96.16389,33.03528
31.7425,-95.57166,31.7425
30.54028,-94.34111,30.54028
40.87472,-109.48778,40.87472
39.9675,-111.72916,39.9675
40.20528,-111.58528,40.20528
37.18861,-113.93917,37.18861
38.30833,-113.38472,38.30833
39.29333,-109.23722,39.29333
37.83472,-112.1725,37.83472
38.09111,-112.01611,38.09111
38.03333,-113.51667,38.03333
40.86055,-109.10222,40.86055
37.39167,-113.03889,37.39167
39.63389,-109.26583,39.63389
37.85472,-109.83889,37.85472
40.11777,-111.27473,40.11777
37.2,-112.025,37.2
39.46778,-109.28361,39.46778
39.71361,-109.44611,39.71361
39.545,-109.90833,39.545
39.50333,-109.55723,39.50333
40.28305,-109.29,40.28305
36.61278,-76.55417,36.61278
46.27333,-117.495,46.27333
48.53528,-118.68889,48.53528
46.88139,-119.32417,46.88139
47.62,-119.89833,47.62
48.11555,-120.10305,48.11555
48.40278,-121.79028,48.40278
47.45361,-121.66583,47.45361
48.61722,-120.1075,48.61722
48.2,-121.5,48.2
48.18056,-118.46361,48.18056
47.8,-121.3,47.8
46.365,-118.87945,46.365
49.0,-121.9,49.0
48.61666,-118.25555,48.61666
48.25056,-120.00195,48.25056
47.20834,-121.525,47.20834
48.46083,-117.73306,48.46083
48.87305,-119.06583,48.87305
46.2625,-120.86222,46.2625
48.42528,-120.14083,48.42528
48.13556,-118.96305,48.13556
48.96445,-119.49277,48.96445
48.94695,-118.30195,48.94695
48.38917,-117.58278,48.38917
46.69445,-119.69361,46.69445
46.22694,-121.1375,46.22694
46.155,-121.03084,46.155
47.4175,-117.52834,47.4175
42.43722,-108.94083,42.43722
44.59722,-104.4275,44.59722
44.94139,-107.70889,44.94139
44.78528,-107.53472,44.78528
43.83972,-110.37083,43.83972
42.34583,-107.55278,42.34583
42.71305,-106.34612,42.71305
41.27083,-107.58194,41.27083
44.85028,-109.61139,44.85028
41.9675,-105.51945,41.9675
44.48556,-109.89639,44.48556
44.46667,-105.84612,44.46667
43.67945,-109.61111,43.67945
42.41528,-105.36111,42.41528
42.85639,-107.27222,42.85639
43.89361,-108.85555,43.89361
42.91472,-109.74722,42.91472
43.22028,-110.42305,43.22028
44.30111,-107.50694,44.30111
44.10667,-107.22389,44.10667
44.45555,-107.45,44.45555
41.4,-110.55278,41.4
43.56139,-106.96694,43.56139
45.1,-116.93333,45.1
43.47222,-110.01833,43.47222
43.55056,-105.09167,43.55056
41.07472,-106.13194,41.07472
44.30639,-106.98194,44.30639
43.94389,-109.18222,43.94389
44.72306,-109.3225,44.72306
42.49083,-110.52667,42.49083
41.4175,-109.03611,41.4175
43.56055,-107.3975,43.56055
43.5728,-71.3556,43.5728
45.7248,-68.587,45.7248
46.2167,-70.2667,46.2167
46.45,-68.95,46.45
61.18,-150.0,61.18
32.76,-97.06,32.76
35.6,-82.55,35.6
30.31,-97.76,30.31
43.45,-83.89,43.45
30.16,-94.18,30.16
42.52,-83.76,42.52
34.34,-77.88,34.34
45.65,-84.47,45.65
35.28,-80.89,35.28
39.43,-121.66,39.43
39.96,-83.05,39.96
35.7,-81.23,35.7
27.74,-97.44,27.74
41.28,-84.41,41.28
30.73,-86.15,30.73
36.18,-75.75,36.18
31.69,-106.27,31.69
35.03,-78.87,35.03
29.54,-98.42,29.54
40.2,-81.26,40.2
46.2,-123.96,46.2
29.69,-82.28,29.69
42.99,-85.67,42.99
41.46,-80.72,41.46
43.27,-73.54,43.27
36.05,-79.1,36.05
29.78,-95.43,29.78
36.36,-86.09,36.36
30.48,-81.7,30.48
47.23,-88.62,47.23
30.22,-92.05,30.22
27.51,-99.45,27.51
39.43,-84.28,39.43
35.4,-78.82,35.4
39.66,-81.83,39.66
42.68,-83.24,42.68
40.1,-110.05,40.1
44.99,-84.68,44.99
45.07,-83.57,45.07
31.87,-102.32,31.87
26.21,-98.19,26.21
39.05,-83.02,39.05
29.66,-81.69,29.66
30.2,-85.68,30.2
43.07,-70.71,43.07
30.08,-83.57,30.08
38.29,-104.35,38.29
35.79,-78.64,35.79
39.56,-75.57,39.56
40.59,-105.15,40.59
30.4,-97.74,30.4
39.98,-105.27,39.98
51.08,-114.13,51.08
41.32,-105.67,41.32
46.95,-120.72,46.95
36.6,-97.48,36.6
36.43,-98.28,36.43
37.33,-99.31,37.33
34.88,-98.2,34.88
35.36,-98.98,35.36
40.31,-84.17,40.31
35.47,-79.16,35.47
42.23,-85.53,42.23
44.8,-87.31,44.8
46.75,-88.44,46.75
30.4,-84.36,30.4
41.07,-83.15,41.07
38.92,-77.07,38.92
35.56,-77.06,35.56
48.31,-122.7,48.31
40.8,-81.96,40.8
41.74,-70.89,41.74
38.8,-104.52,38.8
35.15,-101.88,35.15
61.18,-150.0,61.18
39.01,-76.61,39.01
32.76,-97.06,32.76
27.84,-97.06,27.84
35.6,-82.55,35.6
30.31,-97.76,30.31
36.84,-107.91,36.84
44.4,-68.22,44.4
44.1,-71.16,44.1
43.45,-83.89,43.45
30.16,-94.18,30.16
45.97,-108.0,45.97
37.21,-80.41,37.21
36.88,-89.97,36.88
43.23,-90.53,43.23
42.52,-83.76,42.52
46.82,-100.82,46.82
34.34,-77.88,34.34
28.46,-80.55,28.46
65.5,-144.68,65.5
32.76,-79.84,32.76
45.65,-84.47,45.65
35.28,-80.89,35.28
39.43,-121.66,39.43
64.87,-147.86,64.87
44.94,-97.96,44.94
40.44,-124.4,40.44
37.52,-92.7,37.52
39.96,-83.05,39.96
35.7,-81.23,35.7
27.74,-97.44,27.74
41.28,-84.41,41.28
42.3,-83.1,42.3
30.73,-86.15,30.73
34.11,-94.29,34.11
36.96,-76.56,36.96
39.99,-105.26,39.99
36.18,-75.75,36.18
31.69,-106.27,31.69
29.88,-89.94,29.88
35.03,-78.87,35.03
40.08,-97.31,40.08
29.54,-98.42,29.54
40.2,-81.26,40.2
35.22,-111.82,35.22
46.2,-123.96,46.2
29.33,-94.74,29.33
37.78,-102.18,37.78
62.11,-145.97,62.11
29.69,-82.28,29.69
42.99,-85.67,42.99
41.46,-80.72,41.46
45.78,-121.33,45.78
30.51,-90.47,30.51
38.3,-97.29,38.3
36.05,-79.1,36.05
35.97,-80.01,35.97
35.68,-95.86,35.68
29.78,-95.43,29.78
40.88,-78.18,40.88
36.36,-86.09,36.36
37.65,-99.11,37.65
33.02,-100.98,33.02
30.48,-81.7,30.48
47.23,-88.62,47.23
30.22,-92.05,30.22
24.58,-81.65,24.58
27.51,-99.45,27.51
30.09,-96.78,30.09
39.43,-84.28,39.43
35.4,-78.82,35.4
36.69,-97.48,36.69
38.01,-85.3,38.01
39.58,-94.17,39.58
33.54,-101.84,33.54
41.9,-106.19,41.9
39.09,-108.53,39.09
27.85,-82.53,27.85
32.7,-83.56,32.7
39.66,-81.83,39.66
35.47,-90.21,35.47
42.68,-83.24,42.68
25.73,-80.16,25.73
43.0,-87.89,43.0
30.23,-88.02,30.23
40.79,-72.75,40.79
42.9,-101.7,42.9
40.1,-110.05,40.1
35.17,-77.05,35.17
30.36,-89.61,30.36
37.3,-95.6,37.3
39.42,-118.71,39.42
42.21,-97.8,42.21
44.26,-85.44,44.26
44.99,-84.68,44.99
45.07,-83.57,45.07
31.87,-102.32,31.87
34.09,-88.86,34.09
31.78,-95.72,31.78
37.85,-122.42,37.85
26.21,-98.19,26.21
39.05,-83.02,39.05
32.67,-117.24,32.67
47.66,-114.11,47.66
40.18,-104.73,40.18
29.66,-81.69,29.66
44.45,-68.77,44.45
30.2,-85.68,30.2
46.86,-94.72,46.86
43.07,-70.71,43.07
37.19,-122.39,37.19
34.98,-97.52,34.98
30.08,-83.57,30.08
38.29,-104.35,38.29
35.79,-78.64,35.79
39.56,-75.57,39.56
47.39,-122.37,47.39
40.09,-100.65,40.09
40.59,-105.15,40.59
30.4,-97.74,30.4
39.98,-105.27,39.98
51.08,-114.13,51.08
41.32,-105.67,41.32
32.14,-81.7,32.14
46.95,-120.72,46.95
47.69,-122.26,47.69
36.6,-97.48,36.6
40.47,-74.01,40.47
40.31,-84.17,40.31
32.86,-117.25,32.86
41.9,-93.7,41.9
40.77,-111.95,40.77
35.47,-79.16,35.47
42.23,-85.53,42.23
44.8,-87.31,44.8
38.61,-89.76,38.61
34.83,-102.51,34.83
46.75,-88.44,46.75
45.75,-87.07,45.75
46.3,-85.51,46.3
43.12,-76.09,43.12
30.4,-84.36,30.4
35.09,-103.61,35.09
41.07,-83.15,41.07
62.31,-150.42,62.31
42.29,-84.39,42.29
38.92,-77.07,38.92
34.83,-120.56,34.83
36.07,-99.22,36.07
32.33,-90.92,32.33
35.56,-77.06,35.56
44.67,-95.45,44.67
48.31,-122.7,48.31
42.74,-103.33,42.74
40.81,-87.05,40.81
39.66,-90.48,39.66
31.9,-92.78,31.9
40.8,-81.96,40.8
32.41,-106.35,32.41
43.23,-78.97,43.23
47.50928,-92.53288,47.50928
47.50928,-92.53288,47.50928
43.1167,-72.2,43.1167
65.18917,-147.50027,65.18917
34.49778,-85.62917,34.49778
35.72139,-118.49833,35.72139
38.02806,-122.70222,38.02806
40.695,-121.35861,40.695
40.28333,-121.2,40.28333
40.63139,-103.83667,40.63139
39.5625,-107.42,39.5625
34.09027,-88.86472,34.09027
45.45806,-109.57139,45.45806
46.445,-107.8,46.445
47.32833,-108.925,47.32833
48.03667,-111.79333,48.03667
47.75,-101.66666,47.75
47.96667,-102.21667,47.96667
48.79,-102.26833,48.79
41.1025,-103.98306,41.1025
39.02278,-114.27222,39.02278
44.15,-111.04667,44.15
43.59944,-116.20805,43.59944
43.63,-83.84,43.63
